epoch,train loss,train accuracy,test loss,test accuracy
0,0.8961743129816742,51.0548523206751,1.5119022977227965,50.833333333333336
1,0.7177412578096085,52.32067510548523,0.8452086452988927,50.0
